Title,Company,Location,Salary
Software Engineer,Prenosis,Remote,Not specified
Frontend Engineer,Bjak ,Singapore,Not specified
Software Developer Security Analytics,RedMimicry,Remote,Not specified
Senior .NET Software Engineer,OkWhen,Remote,Not specified
Frontend Engineer,Bjak ,Ireland,Not specified
Backend Software Engineer,Airspace Link,Remote,Not specified
Software Deployment Engineer,KPI Solutions,Cincinnati,Not specified
Senior Shopify Developer,Sanctuary Computer,Remote,"$80,000 - $250,000 USD"
Software Engineer,Mirantis,Remote,Not specified
Senior Backend Engineer Build AI Agents,Salesforge,Remote,Not specified
DESARROLLADOR FULL STACK,Kruger NearShore LLC - Rekluti,Remote,Not specified
Staff Software Development Engineer SDM,Delinea,Redwood City,"$150,000 - $185,000 USD"
Senior Software Engineer Case Execution,Pivotal Health,New York City,"$190,000 - $220,000 USD"
Software Engineer III Mobile,Stone,Remoto,Not specified
Software Engineer II Golang,Stone,Remoto,Not specified
