Article ID,Title,Authors,Subjects,URL
arXiv:2609.39778,Scalable Approximate Algorithm for Dynamic Densest Subhypergraphs with Solution-Guided Maintenance,"Jingbang Chen , Chenhao Ma , Yingli Zhou",Databases (cs.DB),https://arxiv.org/abs/2609.39778
arXiv:2609.39412,Recommendation Systems for Exploratory Data Tasks,Anna Fariha,Databases (cs.DB),https://arxiv.org/abs/2609.39412
arXiv:2609.39209,"O-Funnel: Lossless Structural Capture and Requirement-Driven Extraction from Drifting, Heterogeneous Documents",Osama Mustafa,Databases (cs.DB) ; Information Retrieval (cs.IR),https://arxiv.org/abs/2609.39209
arXiv:2609.39058,A 3GPP-Compliant Benchmark Dataset for RIS-Aided Beyond 5G Networks,"Pujitha Mamillapalli , Pankaj Singh Rathour , Abhinav Kumar",Databases (cs.DB) ; Artificial Intelligence (cs.AI),https://arxiv.org/abs/2609.39058
arXiv:2609.38439,Automated Prefetching for Object Spatial Programming Using Temporal Trace Graphs,"Baichuan Li , Jayanaka Dantanarayana , Savini Kashmira , Lingjia Tang , Jason Mars",Databases (cs.DB) ; Programming Languages (cs.PL),https://arxiv.org/abs/2609.38439
arXiv:2609.40018,"Separating Notions of Graph Width: the Adaptive, Normal, Linear, Entropic, and Submodular Width","Matthias Lanzinger , Timo Camillo Merkl , Dan Suciu",Combinatorics (math.CO) ; Databases (cs.DB),https://arxiv.org/abs/2609.40018
arXiv:2609.39257,From Benchmarks to Production: Transferring Time Series Anomaly Detection Methods for Electricity Production Monitoring,"Nicolas Vautier , Paul Caron , Nardi Xhepi , Félicie Bizeul , Manel Boumghar , Christophe Degouy , Paul Boniol",Machine Learning (cs.LG) ; Artificial Intelligence (cs.AI); Databases (cs.DB),https://arxiv.org/abs/2609.39257
arXiv:2609.38193,EHR2Trace: Auditable EHR Data Infrastructure for Patient World Models and Clinical Agents,"Xinye Yang , Yuli Wang , Cheng Ting Lin , Harrison Bai",Machine Learning (cs.LG) ; Artificial Intelligence (cs.AI); Databases (cs.DB); Quantitative Methods (q-bio.QM),https://arxiv.org/abs/2609.38193
arXiv:2609.38053,VADER: Filtered Vector Search with Declarative Recall,"Manos Chatzakis , Duo Lu , Helena Caminal , Yannis Chronis , Fatma Özcan , Yannis Papakonstantinou , Timofey Asyrkin , Sebastian Infante Murguia , Itai Rosenblatt , Themis Palpanas",Databases (cs.DB),https://arxiv.org/abs/2609.38053
arXiv:2609.36795,Epistemic Typing as a PostgreSQL Table Access Method: Adversarial Conflict Resolution Under Confidence Forgery and Sybil Coordination,"Venkata Maguluri , Swapna Kommuri , Kritica Sinha , Ashish Sood",Databases (cs.DB) ; Cryptography and Security (cs.CR),https://arxiv.org/abs/2609.36795
