Store Name,Address
Domain NORTHSIDE,"3121 Palm Way, Austin, ,, TX, 78758"
Barton Creek,"2901 S. Capital of Texas Hwy, Austin, ,, TX, 78746"
NorthPark Center,"8687 North Central Expressway, Dallas, ,, TX, 75225"
Knox Street,"3101 Knox Street, Dallas, ,, TX, 75205"
Galleria Dallas,"13350 Dallas Parkway, Dallas, ,, TX, 75240"
Cielo Vista Mall,"8401 Gateway Boulevard West, El Paso, ,, TX, 79925"
University Park Village,"1540 S. University Drive, Fort Worth, ,, TX, 76107"
Baybrook,"500 Baybrook Mall, Friendswood, ,, TX, 77546"
Memorial City,"303 Memorial City, Houston, ,, TX, 77024"
Houston Galleria,"5085 Westheimer Road, Houston, ,, TX, 77056"
Willowbrook Mall,"2000 Willowbrook Drive, Houston, ,, TX, 77070"
Highland Village,"4012 Westheimer Road, Houston, ,, TX, 77027"
North Star,"7400 San Pedro Avenue, San Antonio, ,, TX, 78216"
La Cantera,"15900 La Cantera Parkway, San Antonio, ,, TX, 78256"
Southlake Town Square,"260 Grand Avenue, Southlake, ,, TX, 76092"
First Colony Mall,"16535 Southwest Freeway, Sugar Land, ,, TX, 77479"
The Woodlands,"1201 Lake Woodlands Drive, The Woodlands, ,, TX, 77380"
